Date,Adj Close,Close,High,Low,Open,Volume,VIX,puntaje_sent_fin_pos,puntaje_sent_fin_neu,puntaje_sent_fin_neg,recom_inv_llm,rows_per_day,has_news,Sentiment_gpt,Scaled_sentiment,News_flag
2023-08-01,330.0288391113281,336.3399963378906,338.5400085449219,333.70001220703125,335.19000244140625,18311900,13.930000305175781,0.3280536543045725,0.5077952231679644,0.16415114913667947,2.2857142857142856,7.0,1,3.526315789473684,0.631603947368421,1.0
2023-08-02,321.3547668457031,327.5,333.6300048828125,326.3599853515625,333.6300048828125,27761300,16.09000015258789,0.0413481891155242,0.3564914762973785,0.6021602749824524,1.0,1.0,1,3.388888888888889,0.5972472222222223,1.0
2023-08-03,320.530517578125,326.6600036621094,329.8800048828125,325.95001220703125,326.0,18253700,15.920000076293945,0.04777176193892948,0.10702049247920509,0.8452077515423297,4.2,10.0,1,3.48,0.620025,1.0
2023-08-04,321.6294860839844,327.7799987792969,335.1400146484375,327.239990234375,331.8800048828125,23741500,17.100000381469727,0.0224363077431917,0.4735972322523594,0.5039664283394814,5.0,2.0,1,3.92,0.7300249999999999,1.0
2023-08-07,323.915771484375,330.1099853515625,331.1099853515625,327.5199890136719,328.3699951171875,17741500,15.770000457763672,0.3301871071259181,0.5509442836046219,0.11886861051122344,4.0,3.0,1,3.5,0.6250249999999999,1.0
2023-08-08,319.9319763183594,326.04998779296875,328.75,323.0,326.9599914550781,22327600,15.989999771118164,0.0477776154875755,0.9312146902084352,0.0210077501833438,3.0,4.0,1,3.8823529411764706,0.7206132352941177,1.0
2023-08-09,316.1836853027344,322.2300109863281,327.1099853515625,321.04998779296875,326.4700012207031,22373300,15.960000038146973,0.05539824323647695,0.6539886138685371,0.29061312475444184,3.4347826086956523,23.0,1,3.647058823529412,0.661789705882353,1.0
2023-08-10,316.8704833984375,322.92999267578125,328.260009765625,321.17999267578125,326.0199890136719,20113700,15.850000381469727,0.036729483865201404,0.7203519642353058,0.24291859101504085,4.5,4.0,1,3.625,0.6562749999999999,1.0
2023-08-11,314.9864807128906,321.010009765625,322.4100036621094,319.2099914550781,320.260009765625,24355500,14.84000015258789,0.022329227998852664,0.2944591818377375,0.6832115824023882,3.0,3.0,1,3.32,0.580025,1.0
2023-08-14,317.9596862792969,324.0400085449219,324.05999755859375,320.0799865722656,321.3900146484375,18836100,14.819999694824219,0.0,0.0,0.0,0.0,0.0,0,3.75,0.6875249999999999,1.0
2023-08-15,315.8205871582031,321.8599853515625,325.0899963378906,320.8999938964844,323.0,16966300,16.459999084472656,0.05568912923336023,0.8685443520545959,0.07576652045051249,3.1333333333333333,15.0,1,3.6875,0.6718999999999999,1.0
2023-08-16,315.0536193847656,320.3999938964844,324.4200134277344,319.79998779296875,320.79998779296875,20698900,16.780000686645508,0.1350334584712982,0.04988843947649,0.8150781393051147,2.8333333333333335,12.0,1,3.941176470588235,0.7353191176470588,1.0
2023-08-17,311.5923767089844,316.8800048828125,321.8699951171875,316.2099914550781,320.5400085449219,21257200,17.889999389648438,0.08484548543180732,0.5526014374835151,0.3625530680375439,3.2857142857142856,14.0,1,3.4375,0.6093999999999999,1.0
2023-08-18,311.1990051269531,316.4800109863281,318.3800048828125,311.54998779296875,314.489990234375,24755000,17.299999237060547,0.0293300524353981,0.0862235352396965,0.884446382522583,5.0,1.0,1,3.4375,0.6093999999999999,1.0
2023-08-21,316.5089416503906,321.8800048828125,322.7699890136719,317.0400085449219,317.92999267578125,24040000,17.1299991607666,0.11849774233996868,0.8583519011735916,0.023150374647229875,4.0,4.0,1,3.769230769230769,0.6923326923076922,1.0
2023-08-22,317.0792541503906,322.4599914550781,326.0799865722656,321.4599914550781,325.5,16084600,16.969999313354492,0.192908105839576,0.741042650703873,0.06604925436632972,3.2857142857142856,7.0,1,3.636363636363636,0.6591159090909091,1.0
2023-08-23,321.54345703125,327.0,329.20001220703125,323.4599914550781,323.82000732421875,21166400,15.979999542236328,0.30162227600812913,0.6634516328573227,0.034926085794965346,3.7333333333333334,15.0,1,4.103448275862069,0.7758870689655173,1.0
2023-08-24,314.6307678222656,319.9700012207031,332.9800109863281,319.9599914550781,332.8500061035156,23281400,17.200000762939453,0.6465619429945946,0.34308489561080935,0.01035317257046694,3.0,5.0,1,3.269230769230769,0.5673326923076922,1.0
2023-08-25,317.590576171875,322.9800109863281,325.3599853515625,318.79998779296875,321.4700012207031,21684100,15.680000305175781,0.04711629562079904,0.9234449148178101,0.02943878881633276,3.16,25.0,1,3.5625,0.6406499999999999,1.0
2023-08-28,318.298583984375,323.70001220703125,326.1499938964844,321.7200012207031,325.6600036621094,14808500,15.079999923706055,0.1092588230967521,0.8643014430999756,0.0264397729188203,4.0,1.0,1,3.823529411764706,0.7059073529411766,1.0
2023-08-29,322.9299621582031,328.4100036621094,328.9800109863281,321.8800048828125,321.8800048828125,19284600,14.449999809265137,0.0,0.0,0.0,0.0,0.0,0,4.0476190476190474,0.7619297619047618,1.0
2023-08-30,323.3035888671875,328.7900085449219,329.80999755859375,326.45001220703125,328.6700134277344,15222100,13.880000114440918,0.1193353451788425,0.8630931377410889,0.01757154427468774,3.8,5.0,1,3.066666666666667,0.5166916666666668,1.0
2023-08-31,322.2908630371094,327.760009765625,330.9100036621094,326.7799987792969,329.20001220703125,26411000,13.569999694824219,0.0897007712721824,0.6425955916941166,0.26770365830510845,3.32,25.0,1,3.409090909090909,0.6022977272727272,1.0
2023-09-01,323.1757507324219,328.6600036621094,331.989990234375,326.7799987792969,331.30999755859375,14942000,13.09000015258789,0.030323984101414597,0.0098285973072052,0.9598474502563474,3.736842105263158,19.0,1,3.3333333333333335,0.5833583333333334,1.0
2023-09-05,327.98419189453125,333.54998779296875,334.8500061035156,328.6600036621094,329.0,18553900,14.010000228881836,0.0392765067517757,0.9318913221359252,0.0288321748375892,4.0,1.0,1,3.5454545454545454,0.6363886363636364,1.0
2023-09-06,327.3253173828125,332.8800048828125,334.4599914550781,330.17999267578125,333.3800048828125,17535800,14.449999809265137,0.023919224739074617,0.17934179306030273,0.796739000082016,3.2,5.0,1,3.55,0.6375249999999999,1.0
2023-09-07,324.4049072265625,329.9100036621094,333.0799865722656,329.0299987792969,331.2900085449219,18381000,14.399999618530273,0.049626013264059965,0.8906563321749369,0.059717645247777264,3.3333333333333335,3.0,1,3.0588235294117645,0.5147308823529411,1.0
2023-09-08,328.6921081542969,334.2699890136719,336.1600036621094,329.4599914550781,330.0899963378906,19530100,13.84000015258789,0.0444152876734733,0.923966348171234,0.0316183418035507,4.333333333333333,3.0,1,3.28,0.570025,1.0
2023-09-11,332.3009033203125,337.94000244140625,338.4200134277344,335.42999267578125,337.239990234375,16583300,13.800000190734863,0.06336648558499289,0.7618738955352455,0.17475962237222112,4.0625,16.0,1,3.9130434782608696,0.7282858695652175,1.0
2023-09-12,326.2338562011719,331.7699890136719,336.7900085449219,331.4800109863281,335.82000732421875,17565500,14.229999542236328,0.14005911799476425,0.8383348654298222,0.02160606314154227,3.5294117647058822,17.0,1,3.121212121212121,0.5303280303030302,1.0
2023-09-13,330.4523010253906,336.05999755859375,336.8500061035156,331.1700134277344,331.30999755859375,16544400,13.479999542236328,0.19306975752115246,0.7297061848454177,0.07722405004315075,2.75,20.0,1,3.8,0.7000249999999999,1.0
2023-09-14,333.0482482910156,338.70001220703125,340.8599853515625,336.57000732421875,339.1499938964844,20267000,12.819999694824219,0.11165405809879303,0.7804019182610015,0.10794400423765181,3.75,12.0,1,3.789473684210526,0.6973934210526316,1.0
2023-09-15,324.70977783203125,330.2200012207031,337.3999938964844,329.6499938964844,336.9200134277344,37679800,13.789999961853027,0.0,0.0,0.0,0.0,0.0,0,3.1333333333333333,0.5333583333333334,1.0
2023-09-18,323.569091796875,329.05999755859375,330.3999938964844,326.3599853515625,327.79998779296875,16834200,14.0,0.057270488302622484,0.7140197155198881,0.22870977967977518,3.5714285714285716,7.0,1,2.9444444444444446,0.4861361111111111,1.0
2023-09-19,323.16595458984375,328.6499938964844,329.3900146484375,324.510009765625,326.1700134277344,16505900,14.109999656677246,0.1056322399526834,0.6410826221108437,0.253285173792392,3.0,4.0,1,3.2,0.550025,1.0
2023-09-20,315.4174499511719,320.7699890136719,329.5899963378906,320.510009765625,329.510009765625,21436500,15.140000343322754,0.03087885994464152,0.38890576064586635,0.5802153646945953,3.6,10.0,1,3.4375,0.6093999999999999,1.0
2023-09-21,314.1981506347656,319.5299987792969,325.3500061035156,315.0,319.260009765625,35560400,17.540000915527344,0.20201093732612205,0.6273532253690064,0.1706358460360206,3.4375,16.0,1,3.647058823529412,0.661789705882353,1.0
2023-09-22,311.72021484375,317.010009765625,321.45001220703125,316.1499938964844,321.32000732421875,21447900,17.200000762939453,0.07445589872077105,0.033997061196714626,0.8915470689535141,3.75,4.0,1,3.703703703703704,0.675950925925926,1.0
2023-09-25,312.2413330078125,317.5400085449219,317.6700134277344,315.0,316.5899963378906,17836000,16.899999618530273,0.050737932324409415,0.34834598662222127,0.6009160831351491,3.588235294117647,17.0,1,3.142857142857143,0.5357392857142858,1.0
2023-09-26,306.93145751953125,312.1400146484375,315.8800048828125,310.0199890136719,315.1300048828125,26297600,18.940000534057617,0.0,0.0,0.0,0.0,0.0,0,2.793103448275862,0.4483008620689655,1.0
2023-09-27,307.5705871582031,312.7900085449219,314.29998779296875,309.69000244140625,312.29998779296875,19410100,18.219999313354492,0.06311226511994994,0.9071351289749146,0.02975259721279137,4.333333333333333,3.0,1,3.28,0.570025,1.0
2023-09-28,308.40643310546875,313.6400146484375,315.4800109863281,309.45001220703125,310.989990234375,19683600,17.34000015258789,0.5502753192558885,0.31096501648426056,0.1387596961243876,3.7142857142857144,7.0,1,3.28,0.570025,1.0
2023-09-29,310.481201171875,315.75,319.4700012207031,314.9800109863281,317.75,24147300,17.520000457763672,0.0970916822552681,0.8671201467514038,0.0357881225645542,2.8,10.0,1,3.4545454545454546,0.6136613636363637,1.0
2023-10-02,316.43023681640625,321.79998779296875,321.8900146484375,315.17999267578125,316.2799987792969,20570000,17.610000610351562,0.043938708553711535,0.42821301420529684,0.5278482745091121,3.2666666666666666,15.0,1,3.526315789473684,0.631603947368421,1.0
2023-10-03,308.1606140136719,313.3900146484375,321.3900146484375,311.2099914550781,320.8299865722656,21033500,19.780000686645508,0.03846512464806432,0.7259483851492404,0.23558649877086277,3.2,10.0,1,2.793103448275862,0.4483008620689655,1.0
2023-10-04,313.6376647949219,318.9599914550781,320.0400085449219,314.0,314.0299987792969,20720100,18.579999923706055,0.09528733360079612,0.7019467239196484,0.2027659313036845,3.5384615384615383,13.0,1,3.2083333333333335,0.5521083333333334,1.0
2023-10-05,314.03094482421875,319.3599853515625,319.9800109863281,314.8999938964844,319.0899963378906,16965600,18.489999771118164,0.079105444252491,0.8884120583534241,0.0324825271964073,3.0,1.0,1,3.590909090909091,0.6477522727272726,1.0
2023-10-06,321.7991638183594,327.260009765625,329.19000244140625,316.29998779296875,316.54998779296875,25673600,17.450000762939453,0.035206731781363444,0.189063174277544,0.7757301017642021,3.6,5.0,1,3.8666666666666663,0.7166916666666667,1.0
2023-10-09,324.3163757324219,329.82000732421875,330.29998779296875,323.17999267578125,324.75,19891200,17.700000762939453,0.04545905823378181,0.8478071940572638,0.106733785452027,3.8421052631578947,19.0,1,3.411764705882353,0.6029661764705883,1.0
2023-10-10,322.9102783203125,328.3900146484375,331.1000061035156,327.6700134277344,330.9599914550781,20557100,17.030000686645508,0.03749285661615428,0.930451601743698,0.03205551172140981,3.625,16.0,1,3.5,0.6250249999999999,1.0
2023-10-11,326.873046875,332.4200134277344,332.82000732421875,329.1400146484375,331.2099914550781,20063200,16.09000015258789,0.03584079630672925,0.7714035212993622,0.192755676805973,2.0,2.0,1,3.576923076923077,0.6442557692307693,1.0
2023-10-12,325.634033203125,331.1600036621094,333.6300048828125,328.7200012207031,330.57000732421875,19313100,16.690000534057617,0.0395043604075908,0.9304394721984864,0.0300562009215354,5.0,1.0,1,3.9444444444444446,0.7361361111111111,1.0
2023-10-13,322.2613220214844,327.7300109863281,333.8299865722656,326.3599853515625,332.3800048828125,21072400,19.31999969482422,0.022419281924764303,0.26802450915177656,0.7095562467972437,2.6666666666666665,3.0,1,3.526315789473684,0.631603947368421,1.0
2023-10-16,327.08935546875,332.6400146484375,336.1400146484375,330.6000061035156,331.04998779296875,22158000,17.209999084472656,0.47677785996347666,0.035384919494390446,0.48783719446510077,2.0,2.0,1,4.2,0.800025,1.0
2023-10-17,326.51904296875,332.05999755859375,333.4599914550781,327.4100036621094,329.5899963378906,18338500,17.8799991607666,0.33022622288101244,0.6124944786230723,0.057279301082922306,2.8333333333333335,18.0,1,3.92,0.7300249999999999,1.0
2023-10-18,324.6015625,330.1099853515625,335.5899963378906,328.29998779296875,332.489990234375,23153600,19.219999313354492,0.05823664879426358,0.45094762835651636,0.49081571819260716,3.5,4.0,1,3.727272727272727,0.6818431818181818,1.0
2023-10-19,325.7913818359375,331.32000732421875,336.8800048828125,330.9100036621094,332.1499938964844,25052100,21.399999618530273,0.06474445480853315,0.8979007601737976,0.0373547542840242,5.0,2.0,1,3.55,0.6375249999999999,1.0
2023-10-20,321.218994140625,326.6700134277344,331.9200134277344,325.45001220703125,331.7200012207031,25027700,21.709999084472656,0.1090453416109085,0.8746484518051147,0.0163061711937189,4.0,1.0,1,3.625,0.6562749999999999,1.0
2023-10-23,323.8247375488281,329.32000732421875,332.7300109863281,324.3900146484375,325.4700012207031,24374700,20.3700008392334,0.3190138716446726,0.20728951633760798,0.4736965838819742,3.473684210526316,19.0,1,3.692307692307693,0.6731019230769231,1.0
2023-10-24,325.0145568847656,330.5299987792969,331.8399963378906,327.6000061035156,331.29998779296875,31153600,18.969999313354492,0.26946731603571344,0.42453012083257946,0.3060025625995227,3.142857142857143,7.0,1,3.74468085106383,0.6861952127659574,1.0
2023-10-25,334.9853515625,340.6700134277344,346.20001220703125,337.6199951171875,345.0199890136719,55053800,20.190000534057617,0.04359440932817313,0.4229824325508054,0.533423188032911,3.6176470588235294,34.0,1,4.109090909090909,0.7772977272727273,1.0
2023-10-26,322.4186706542969,327.8900146484375,341.6300048828125,326.94000244140625,340.5400085449219,37828500,20.68000030517578,0.14360154792666435,0.841163694858551,0.015234738588333099,3.5,2.0,1,3.3793103448275863,0.5948525862068965,1.0
2023-10-27,324.3066101074219,329.80999755859375,336.7200012207031,328.3999938964844,330.42999267578125,29856500,21.270000457763672,0.06460076322158173,0.8965881864229838,0.038811065256595605,3.0,3.0,1,3.75,0.6875249999999999,1.0
2023-10-30,331.6814270019531,337.30999755859375,339.45001220703125,331.8299865722656,333.4100036621094,22828100,19.75,0.12428509118035436,0.8620466254651546,0.013668337487615562,3.6875,16.0,1,3.851851851851851,0.712987962962963,1.0
2023-10-31,332.46807861328125,338.1099853515625,339.0,334.69000244140625,338.8500061035156,20265300,18.139999389648438,0.10096780210733411,0.885403573513031,0.01362860761582845,3.0,2.0,1,3.7,0.675025,1.0
2023-11-01,340.2952575683594,346.07000732421875,347.4200134277344,339.6499938964844,339.7900085449219,28158800,16.8700008392334,0.09600439083216515,0.3934362469048335,0.5105593588588566,3.6206896551724137,29.0,1,3.5,0.6250249999999999,1.0
2023-11-02,342.50775146484375,348.32000732421875,348.8299865722656,344.7699890136719,347.239990234375,24348100,15.65999984741211,0.1084914952516555,0.8752236366271973,0.0162848830223083,5.0,1.0,1,3.931034482758621,0.7327836206896552,1.0
2023-11-03,346.9129638671875,352.79998779296875,354.3900146484375,347.3299865722656,349.6300048828125,23637700,14.90999984741211,0.0451587438583374,0.9356220960617064,0.0192192140966653,2.5,2.0,1,4.375,0.8437749999999999,1.0
2023-11-06,350.5807189941406,356.5299987792969,357.5400085449219,353.3500061035156,353.45001220703125,23828300,14.890000343322754,0.6072245812551542,0.26826618476347486,0.12450926852497181,3.3636363636363638,11.0,1,3.7333333333333334,0.6833583333333333,1.0
2023-11-07,354.51397705078125,360.5299987792969,362.4599914550781,357.6300048828125,359.3999938964844,25833900,14.8100004196167,0.1063455417752265,0.8779569864273071,0.015697443857789,4.0,1.0,1,4.416666666666667,0.8541916666666667,1.0
2023-11-08,357.13946533203125,363.20001220703125,363.8699951171875,360.54998779296875,361.67999267578125,26767800,14.449999809265137,0.0,0.0,0.0,0.0,0.0,0,4.0625,0.7656499999999999,1.0
2023-11-09,354.6712951660156,360.69000244140625,364.7900085449219,360.3599853515625,362.29998779296875,24847300,15.289999961853027,0.051799133606255,0.7391585916280746,0.20904232077300544,3.0,5.0,1,3.863636363636364,0.715934090909091,1.0
2023-11-10,363.50146484375,369.6700134277344,370.1000061035156,361.07000732421875,361.489990234375,28042100,14.170000076293945,0.15445125930839115,0.37018530898623997,0.4753634757879708,3.0,9.0,1,4.277777777777778,0.8194694444444444,1.0
2023-11-13,360.5613708496094,366.67999267578125,368.4700012207031,365.8999938964844,368.2200012207031,19986500,14.760000228881836,0.06851787678897378,0.8655530214309692,0.06592911481857294,3.75,4.0,1,3.8260869565217392,0.7065467391304348,1.0
2023-11-14,364.0914611816406,370.2699890136719,371.95001220703125,367.3500061035156,371.010009765625,27683900,14.15999984741211,0.1065888777375221,0.8777316808700562,0.0156794339418411,3.0,1.0,1,3.75,0.6875249999999999,1.0
2023-11-15,364.2392883300781,369.6700134277344,373.1300048828125,367.1099853515625,371.2799987792969,26860100,14.180000305175781,0.05654617398977277,0.9145451982816061,0.02890865535785748,4.0,6.0,1,3.608695652173913,0.6521989130434782,1.0
2023-11-16,370.64373779296875,376.1700134277344,376.3500061035156,370.17999267578125,370.9599914550781,27182300,14.319999694824219,0.0750890672206878,0.9064631263415018,0.0184477760146061,3.0,3.0,1,3.782608695652174,0.6956771739130434,1.0
2023-11-17,364.4166259765625,369.8500061035156,374.3699951171875,367.0,373.6099853515625,40157000,13.800000190734863,0.046187733127563024,0.7047174029328205,0.24909485828269412,3.2962962962962963,27.0,1,3.0,0.5000249999999999,1.0
2023-11-20,371.89508056640625,377.44000244140625,378.8699951171875,371.0,371.2200012207031,52465100,13.40999984741211,0.45777887374990517,0.3870545590503348,0.15516656471623314,3.611111111111111,18.0,1,4.025,0.756275,1.0
2023-11-21,367.5893249511719,373.07000732421875,376.2200012207031,371.1199951171875,375.6700134277344,28423100,13.350000381469727,0.17028949176892635,0.44157220609486103,0.3881382952289034,4.166666666666667,6.0,1,3.5,0.6250249999999999,1.0
2023-11-22,372.299072265625,377.8500061035156,379.7900085449219,374.9700012207031,378.0,23345300,12.850000381469727,0.3013798076659441,0.4274263184517621,0.27119389381259673,3.3,10.0,1,3.55,0.6375249999999999,1.0
2023-11-24,371.8852844238281,377.42999267578125,377.9700012207031,375.1400146484375,377.3299865722656,10176600,12.460000038146973,0.05114130035508423,0.6893128645606339,0.2595458272844553,4.5,4.0,1,4.25,0.8125249999999999,1.0
2023-11-27,373.04791259765625,378.6099853515625,380.6400146484375,376.20001220703125,376.7799987792969,22179200,12.6899995803833,0.056466167076275844,0.8922219574451447,0.05131184109128433,3.423076923076923,26.0,1,4.235294117647059,0.8088485294117647,1.0
2023-11-28,377.0778503417969,382.70001220703125,383.0,378.1600036621094,378.3500061035156,20453100,12.6899995803833,0.2031259683214805,0.708551636473699,0.08832241573624987,3.727272727272727,22.0,1,3.588235294117647,0.6470838235294119,1.0
2023-11-29,373.2843933105469,378.8500061035156,384.29998779296875,377.44000244140625,383.760009765625,28963400,12.979999542236328,0.09101648514087375,0.8857930073371301,0.023190462675232153,3.3846153846153846,13.0,1,3.8846153846153846,0.7211788461538462,1.0
2023-11-30,373.3434753417969,378.9100036621094,380.0899963378906,375.4700012207031,378.489990234375,30554400,12.920000076293945,0.0704925376921892,0.7064947187900543,0.2230127388611436,2.0,2.0,1,3.576923076923077,0.6442557692307693,1.0
